{
  "ours": {
    "0": 0,
    "1": 0.001790365281779001,
    "2": 0.0036131592348295624,
    "3": 0.005435675108351558,
    "4": 0.007202647853482452,
    "5": 0.009015142997906478,
    "6": 0.010797094181414175,
    "7": 0.01259582047410088,
    "8": 0.014333322073338723,
    "9": 0.016157883058037222,
    "10": 0.01785008383818056,
    "11": 0.01973949595379076,
    "12": 0.02141816318604972,
    "13": 0.02318452617788238,
    "14": 0.025049757562122486,
    "15": 0.026819419626488948,
    "16": 0.028516363534387613,
    "17": 0.030216745627852225,
    "18": 0.03208849791428897,
    "19": 0.03390108153496377,
    "20": 0.03569799636580791
  },
  "TPM": {
    "0": 0,
    "1": 0.013422165857146803,
    "2": 0.026949795746788824,
    "3": 0.040255630770509726,
    "4": 0.053082776499315136,
    "5": 0.06601331113476415,
    "6": 0.07859393067835624,
    "7": 0.09120995450822703,
    "8": 0.10308222539562056,
    "9": 0.11549658595031005,
    "10": 0.12703453029100248,
    "11": 0.13961445147076157,
    "12": 0.1508794614109443,
    "13": 0.16221530420780111,
    "14": 0.17437675088423585,
    "15": 0.1855685139099398,
    "16": 0.19621787027669776,
    "17": 0.20679555613122108,
    "18": 0.21816850204300825,
    "19": 0.22935966066903882,
    "20": 0.23989041059278127
  },
  "withoutTPM": {
    "0": 0,
    "1": 0.014994585498756176,
    "2": 0.029796894731443486,
    "3": 0.044339708164313915,
    "4": 0.058760522136853885,
    "5": 0.07287003632836253,
    "6": 0.08682459315465793,
    "7": 0.10071836558203827,
    "8": 0.11411287525931806,
    "9": 0.12749159937497348,
    "10": 0.14070404755462426,
    "11": 0.15378000801127054,
    "12": 0.1668345200676704,
    "13": 0.17931965079695567,
    "14": 0.19193517913428923,
    "15": 0.20410598582164508,
    "16": 0.21626695815919583,
    "17": 0.22813382181609337,
    "18": 0.2397331027093757,
    "19": 0.25159866325784436,
    "20": 0.2628606247417944
  }
}